cell,lseg,rseg,weight***
7964,N24003,XL3_4710_0000,0.333235089
7964,N24033,XL3_4710_0000,0.333333333
7964,N24003,XL3_4710_0000,9.82E-05
